dataset,model,features,task,threshold,cv_f1_mean,cv_f1_std,test_accuracy,test_precision,test_recall,test_f1,test_f1_at_0.5,test_roc_auc,test_pr_auc,fit_seconds,cv_seconds,test_f1_weighted,n_train,n_test
twitter_hate,naive_bayes,bow,binary,0.58,0.6445419637959408,0.0195622659641498,0.9485374628499922,0.6301969365426696,0.6428571428571429,0.63646408839779,0.6288770053475936,0.94736179112099,0.7014823283898513,0.0,1.9,,25569,6393
twitter_hate,naive_bayes,tfidf,binary,0.24,0.6497613365155132,0.0168284548451608,0.9543250430157986,0.6921182266009852,0.6272321428571429,0.65807962529274,0.5714285714285714,0.9458537336297008,0.7195001603399415,0.0,2.0,,25569,6393
twitter_hate,logistic_regression,bow,binary,0.7699999999999999,0.6427937259544244,0.0071800165054648,0.9538557797591116,0.6843373493975904,0.6339285714285714,0.6581691772885284,0.5894736842105263,0.9363296737955064,0.705543921431609,0.0,0.2,,25569,6393
twitter_hate,logistic_regression,tfidf,binary,0.69,0.6516347237880497,0.0085543720245591,0.9515094634756766,0.6540178571428571,0.6540178571428571,0.6540178571428571,0.5857740585774058,0.9452991709720052,0.7030002381044766,0.0,0.1,,25569,6393
twitter_hate,logistic_regression,word2vec,binary,0.8499999999999999,0.5527377521613833,0.0256172119663779,0.9389957766306898,0.5665137614678899,0.5513392857142857,0.5588235294117647,0.4631578947368421,0.9310438693980536,0.5995893627351879,0.5,26.6,,25569,6393
twitter_hate,logistic_regression,doc2vec,binary,0.7,0.4125809435707678,0.0090457079609855,0.8975441889566713,0.3493449781659388,0.5357142857142857,0.4229074889867841,0.3597122302158273,0.858616559533822,0.3622464874536665,0.2,82.5,,25569,6393
twitter_hate,linear_svm,bow,binary,0.2699999999999999,0.6288720046756283,0.0162898092672902,0.9524479899890506,0.6739130434782609,0.6227678571428571,0.6473317865429234,0.5675675675675675,0.9259919800552684,0.6892567105988192,0.7,2.6,,25569,6393
twitter_hate,linear_svm,tfidf,binary,0.3199999999999999,0.6538011695906433,0.0118195718118195,0.9532300954168622,0.6786570743405276,0.6316964285714286,0.6543352601156069,0.6151724137931035,0.9390056169650368,0.7039171821988646,0.2,0.5,,25569,6393
twitter_hate,linear_svm,word2vec,binary,0.2499999999999999,0.5566090351366425,0.0202338351390119,0.9360237760050056,0.5410526315789473,0.5736607142857143,0.5568797399783315,0.4606060606060606,0.930460771356482,0.5962793706168013,2.7,12.4,,25569,6393
twitter_hate,linear_svm,doc2vec,binary,0.1499999999999999,0.4307472632079961,0.0084707144325143,0.9027060847802284,0.3649068322981366,0.5245535714285714,0.4304029304029304,0.2439024390243902,0.8678150907124835,0.3771861293418366,2.2,8.9,,25569,6393
twitter_hate,random_forest,bow,binary,0.4999999999999999,0.6216696269982238,0.0143808179855648,0.9547943062724856,0.6962962962962963,0.6294642857142857,0.6611957796014069,0.6611957796014069,0.9349404511594376,0.7228130547446459,4.9,20.2,,25569,6393
twitter_hate,random_forest,tfidf,binary,0.3999999999999999,0.669423929098966,0.0213051975191079,0.956827780384796,0.7077294685990339,0.6540178571428571,0.679814385150812,0.6851385390428212,0.9399022287636668,0.7488725814757295,5.0,20.4,,25569,6393
twitter_hate,random_forest,word2vec,binary,0.2699999999999999,0.5955842757135165,0.0144584033940339,0.9389957766306898,0.555984555984556,0.6428571428571429,0.5962732919254659,0.5843971631205673,0.946999091373303,0.6963763354578256,16.1,66.5,,25569,6393
twitter_hate,random_forest,doc2vec,binary,0.18,0.5064713064713064,0.0088751485308664,0.9244486156733928,0.469244288224956,0.5959821428571429,0.5250737463126843,0.3849918433931484,0.905038184849213,0.5531047011179748,18.9,68.0,,25569,6393
twitter_hate,xgboost,bow,binary,0.2499999999999999,0.5812619502868069,0.0219658137059801,0.9522915689034882,0.7072463768115942,0.5446428571428571,0.6153846153846154,0.541033434650456,0.9100089736272978,0.6346900078914784,0.7,3.3,,25569,6393
twitter_hate,xgboost,tfidf,binary,0.2099999999999999,0.5740291262135923,0.0219433089030689,0.9475989363366182,0.6423173803526449,0.5691964285714286,0.6035502958579881,0.5335365853658537,0.9090601721134206,0.6423591694712131,2.9,14.3,,25569,6393
twitter_hate,xgboost,word2vec,binary,0.2299999999999999,0.6637168141592921,0.0198433567542718,0.9576098858126076,0.7163814180929096,0.6540178571428571,0.6837806301050176,0.6611796982167353,0.952445031839481,0.761825139386281,9.0,25.2,,25569,6393
twitter_hate,xgboost,doc2vec,binary,0.2099999999999999,0.5459379615952733,0.0135110236295886,0.9397778820585014,0.5748218527315915,0.5401785714285714,0.5569620253164557,0.4916030534351145,0.9036803135888504,0.6131761084536228,5.7,27.9,,25569,6393
twitter_hate,ensemble,tfidf,binary,0.3799999999999999,0.6593714927048261,0.0127648777653586,0.9519787267323636,0.6535947712418301,0.6696428571428571,0.6615214994487321,0.6536964980544747,0.9461413402619248,0.7174960189221308,3.2,12.6,,25569,6393
twitter_hate,ensemble,word2vec,binary,0.4799999999999999,0.6207313387730432,0.0176916712917265,0.9518223056468011,0.6741293532338308,0.6049107142857143,0.6376470588235295,0.6336154776299879,0.9430948125675838,0.6989875093652186,8.6,35.9,,25569,6393
twitter_hate,cnn,sequence,binary,0.8999999999999999,0.672160094173043,0.0223013299883016,0.9551071484436102,0.7824561403508772,0.4977678571428571,0.6084583901773534,0.5150877192982456,0.947934751591974,0.6950814805698218,22.7,125.7,,25569,6393
twitter_hate,lstm,sequence,binary,0.8499999999999999,0.6704903928878693,0.0180326662601384,0.9554199906147348,0.7116883116883117,0.6116071428571429,0.6578631452581032,0.5141672425708362,0.9468729349393248,0.6975805880796743,29.3,163.7,,25569,6393
vaccination,naive_bayes,bow,multiclass,,0.6810845738004456,0.011017734597043,0.7923708353452439,0.7129046061226028,0.6886969351886082,0.6980792598696027,,0.8809649398262113,,0.0,0.7,0.7888414050251052,8282,2071
vaccination,naive_bayes,tfidf,multiclass,,0.5801840676552118,0.016661842845356,0.773056494447127,0.7515697615829658,0.574729613683799,0.5779643236864529,,0.8870623191977193,,0.0,0.7,0.7411787143079357,8282,2071
vaccination,logistic_regression,bow,multiclass,,0.768993657166613,0.0142559676916552,0.8459681313375181,0.7997342850360196,0.7567453542364008,0.7748878057393161,,0.9213662681020596,,0.1,0.6,0.8424905995359827,8282,2071
vaccination,logistic_regression,tfidf,multiclass,,0.7343453487457183,0.0101163783596557,0.8194109126026075,0.7519420738771263,0.749621267642091,0.750351934533143,,0.9165865788981876,,0.1,0.5,0.8192108403658268,8282,2071
vaccination,logistic_regression,word2vec,multiclass,,0.5381551999227389,0.0094699777423271,0.6277160791887977,0.5564000615362966,0.584185152284193,0.5523129189804239,,0.7767218586825978,,0.4,9.6,0.6490054773906447,8282,2071
vaccination,logistic_regression,doc2vec,multiclass,,0.4775510692101791,0.0124725113096054,0.5441815548044423,0.4851910062889393,0.5038578043814685,0.4748984207901484,,0.693025331893919,,0.2,23.9,0.5695274352709677,8282,2071
vaccination,linear_svm,bow,multiclass,,0.7391338382079838,0.0128693042294003,0.8459681313375181,0.8554033079929672,0.707497861146742,0.7443594348233175,,0.927853775683898,,0.2,0.8,0.8343335732775479,8282,2071
vaccination,linear_svm,tfidf,multiclass,,0.7350037320067138,0.0154050420692223,0.8387252535007242,0.8320626737152504,0.7070309118371844,0.7417566122478078,,0.9293283582871892,,0.1,0.3,0.828414574586679,8282,2071
vaccination,linear_svm,word2vec,multiclass,,0.4733218044921617,0.0040616355379977,0.6875905359729599,0.5372428002860948,0.4817365561307943,0.4667305283349374,,0.7879764196915217,,2.7,9.3,0.6456776967892027,8282,2071
vaccination,linear_svm,doc2vec,multiclass,,0.4119515031771524,0.0048403015113347,0.6417189763399324,0.4643966661249641,0.4373123640551746,0.4197850199666719,,0.7068144165785046,,1.4,5.0,0.5940316185439022,8282,2071
vaccination,random_forest,bow,multiclass,,0.7173552577182377,0.0131273538717899,0.8174794785127958,0.8343244082122624,0.6687593923425735,0.7090293882977585,,0.9175688779250184,,1.9,8.1,0.8028436799419507,8282,2071
vaccination,random_forest,tfidf,multiclass,,0.6700786286689423,0.0206639844057112,0.7904394012554321,0.8180161487603977,0.6365254203879195,0.6775657026619104,,0.9029611899884182,,2.1,8.4,0.7729141555396862,8282,2071
vaccination,random_forest,word2vec,multiclass,,0.4751985130535145,0.0092401306849646,0.674553355866731,0.599353170154055,0.467777127132446,0.4637594643194118,,0.7770812007627379,,5.9,22.9,0.6274375664366724,8282,2071
vaccination,random_forest,doc2vec,multiclass,,0.4212045801635422,0.0062463345983015,0.6489618541767262,0.5512131765118163,0.4468856825214887,0.4387138186254986,,0.7119855914667407,,6.1,24.0,0.6018459409125593,8282,2071
vaccination,xgboost,bow,multiclass,,0.745020189053461,0.0226045224438221,0.8430709802028006,0.862869672133899,0.7124580735583201,0.75697418495984,,0.9110173373215724,,1.6,7.8,0.8327824546449316,8282,2071
vaccination,xgboost,tfidf,multiclass,,0.7251254212497069,0.0267055297171075,0.8324480927088364,0.8588437727187114,0.6895140574975892,0.7333690215885201,,0.9058122774908692,,6.7,28.0,0.8196303544479997,8282,2071
vaccination,xgboost,word2vec,multiclass,,0.499145478778416,0.0106995824018813,0.7006277160791888,0.6135891603961579,0.5082871197892965,0.5082366312420873,,0.7921383907638181,,12.8,56.4,0.6674115102243346,8282,2071
vaccination,xgboost,doc2vec,multiclass,,0.4447985535813641,0.0091557265188527,0.6591018831482376,0.5745200038946414,0.4651107033982478,0.4622917399937048,,0.7145628902707407,,12.4,57.6,0.6197427813227029,8282,2071
vaccination,ensemble,tfidf,multiclass,,0.753791688409288,0.0143074614569987,0.8435538387252535,0.8421580730362884,0.7192069662284686,0.7569844825648451,,0.9326175996944696,,6.9,27.4,0.834567895010908,8282,2071
vaccination,ensemble,word2vec,multiclass,,0.5233557182557999,0.003025340404856,0.7054563013037181,0.5893501310711068,0.5299729927544872,0.5383350078343125,,0.7972635845931638,,11.3,45.8,0.6821065783866571,8282,2071
vaccination,cnn,sequence,multiclass,,0.7992550129646281,0.0124815996592766,0.858522452921294,0.7978252297986642,0.8304779692316994,0.8120311216246394,,0.9482228988229988,,11.2,41.2,0.8606786363616324,8282,2071
vaccination,lstm,sequence,multiclass,,0.7311275388196797,0.0285371806818594,0.8319652341863834,0.7654702522693122,0.7962962954078007,0.7789080203056843,,0.9355872330605984,,16.9,51.1,0.8345821160178856,8282,2071
imdb,naive_bayes,bow,binary,0.06,0.8610865469645123,0.0027023582021324,0.83868,0.8247794399693134,0.86008,0.8420599177599374,0.8287215121809984,0.9056375712,0.8897024150028274,0.0,17.8,,25000,25000
imdb,naive_bayes,tfidf,binary,0.4699999999999999,0.8676882389545737,0.0022517009683404,0.84976,0.8463244613434727,0.85472,0.8505015124980099,0.8443557582668187,0.9252975232,0.9204613365889196,0.0,18.0,,25000,25000
imdb,logistic_regression,bow,binary,0.3299999999999999,0.8731677210307052,0.0033665983582563,0.85264,0.8355663824604141,0.87808,0.8562958339834608,0.8512865944509322,0.9252620608,0.9206847407744756,0.9,1.5,,25000,25000
imdb,logistic_regression,tfidf,binary,0.4799999999999999,0.8918379330593071,0.0016655467527919,0.88452,0.874192292720903,0.89832,0.8860919313474058,0.8853988121337745,0.9550214272,0.9537248757664388,0.1,0.3,,25000,25000
imdb,logistic_regression,word2vec,binary,0.4599999999999999,0.8490185429435954,0.0017120871727247,0.84492,0.8308140873168112,0.86624,0.8481572866486508,0.8451110932862758,0.9242142784,0.9208668285305504,0.2,129.1,,25000,25000
imdb,linear_svm,tfidf,binary,0.4999999999999999,0.8927800243414079,0.001885517456779,0.88176,0.8698078115313082,0.89792,0.8836403715950244,0.8836403715950244,0.9531125568,0.9517150639279444,0.3,0.6,,25000,25000
imdb,random_forest,tfidf,binary,0.4799999999999999,0.8589385474860335,0.0023640112515342,0.85564,0.8393252423479124,0.87968,0.8590289441818679,0.8562615175066101,0.9321135904,0.9267178493400606,9.6,16.9,,25000,25000
imdb,xgboost,tfidf,binary,0.4799999999999999,0.8624703180349566,0.0025669820649608,0.86136,0.8438118435073831,0.88688,0.8648100475856151,0.8630940662282947,0.9385096032,0.9365961112482,53.9,101.4,,25000,25000
imdb,xgboost,word2vec,binary,0.3599999999999999,0.8518448295476091,0.0020873141586085,0.83976,0.8148257968865826,0.87936,0.8458637937668334,0.8380261603031661,0.9222895616,0.9194623327416256,5.4,14.4,,25000,25000
imdb,ensemble,tfidf,binary,0.4799999999999999,0.891255168109837,0.0015894348491165,0.88524,0.8685237621489248,0.90792,0.8877850353971917,0.8868542562847784,0.9551485376,0.9539103483424728,45.1,95.1,,25000,25000
imdb,cnn,sequence,binary,0.4499999999999999,0.8716415622245218,0.003009285938496,0.8708,0.8498641304347826,0.90072,0.8745533633680286,0.8747421862605109,0.945662304,0.9444406050962054,86.4,213.6,,25000,25000
imdb,lstm,sequence,binary,0.4899999999999999,0.8794745229118893,0.0002206070318144,0.87668,0.8809774253580387,0.87104,0.8759805301902731,0.8752372874510279,0.9471973184,0.9445798376232952,81.7,197.5,,25000,25000
tweet_sentiment,ensemble,tfidf,multiclass,,0.5470587293693624,0.0019021414356026334,0.5874308042982742,0.6020140955228889,0.5608957793693555,0.55196165226163,,0.7703278423789514,,2.2,5.3,0.5685419746347927,45615,12284
